{"stats":{"minecraft:picked_up":{"minecraft:oak_log":10,"minecraft:dirt":11,"minecraft:egg":1},"minecraft:crafted":{"minecraft:oak_planks":16,"minecraft:crafting_table":1,"minecraft:stick":4,"minecraft:wooden_axe":1},"minecraft:killed_by":{"minecraft:zombie":1},"minecraft:mined":{"minecraft:grass":1,"minecraft:oak_log":10,"minecraft:grass_block":8,"minecraft:dirt":3,"minecraft:ice":2,"minecraft:oak_leaves":1},"minecraft:used":{"minecraft:wooden_axe":4,"minecraft:dirt":11,"minecraft:crafting_table":1,"minecraft:bread":3,"tombstone:gift":1,"minecraft:egg":1},"minecraft:custom":{"minecraft:time_since_rest":891,"minecraft:crouch_one_cm":133,"minecraft:sprint_one_cm":109923,"lootr:looted_stat":2,"minecraft:play_time":21956,"minecraft:deaths":3,"minecraft:damage_taken":835,"minecraft:walk_one_cm":52260,"minecraft:sneak_time":196,"minecraft:jump":488,"minecraft:damage_dealt":39,"minecraft:leave_game":3,"minecraft:walk_on_water_one_cm":172,"minecraft:time_since_death":1155,"minecraft:total_world_time":21956,"minecraft:interact_with_crafting_table":2,"minecraft:fall_one_cm":17327,"minecraft:fly_one_cm":105077}},"DataVersion":3465}