{"stats":{"minecraft:picked_up":{"minecraft:dirt":4},"minecraft:custom":{"minecraft:jump":146,"minecraft:time_since_rest":938,"minecraft:damage_dealt":20,"minecraft:damage_taken":270,"minecraft:leave_game":1,"minecraft:play_time":5002,"minecraft:sprint_one_cm":30066,"minecraft:time_since_death":3043,"minecraft:walk_one_cm":9005,"minecraft:deaths":1,"minecraft:sneak_time":57,"minecraft:total_world_time":5002,"minecraft:fall_one_cm":4390,"minecraft:fly_one_cm":33027},"minecraft:used":{"minecraft:dirt":4},"minecraft:mined":{"minecraft:grass_block":4}},"DataVersion":3465}