{"stats":{"minecraft:picked_up":{"minecraft:dirt":7},"minecraft:custom":{"minecraft:jump":295,"minecraft:time_since_rest":9330,"lootr:looted_stat":2,"minecraft:damage_dealt":20,"minecraft:damage_taken":540,"minecraft:leave_game":3,"minecraft:play_time":13394,"minecraft:sprint_one_cm":64726,"minecraft:time_since_death":11435,"minecraft:walk_one_cm":23723,"minecraft:deaths":1,"minecraft:sneak_time":134,"minecraft:total_world_time":13394,"minecraft:fall_one_cm":11074,"minecraft:fly_one_cm":65433,"minecraft:walk_on_water_one_cm":172},"minecraft:used":{"minecraft:bread":3,"minecraft:dirt":7},"minecraft:mined":{"minecraft:ice":2,"minecraft:grass_block":6,"minecraft:dirt":1}},"DataVersion":3465}