{"stats":{"minecraft:picked_up":{"minecraft:wooden_axe":1,"minecraft:stick":1,"minecraft:raw_iron":20,"minecraft:feather":2,"minecraft:chicken":2,"minecraft:leather":1,"minecraft:torch":2,"minecraft:wooden_pickaxe":1,"minecraft:porkchop":11,"minecraft:oak_log":18,"alexsmobs:animal_dictionary":1,"minecraft:dirt":38,"tombstone:gift":1,"minecraft:raw_copper":6,"minecraft:wheat_seeds":1,"minecraft:beef":2,"minecraft:stone_pickaxe":1,"minecraft:oak_sapling":3,"minecraft:coal":7,"minecraft:cobblestone":12,"minecraft:egg":4},"minecraft:crafted":{"minecraft:oak_planks":20,"minecraft:crafting_table":2,"minecraft:stick":8,"minecraft:wooden_pickaxe":1,"minecraft:stone_pickaxe":1,"minecraft:wooden_axe":1,"minecraft:torch":4},"minecraft:killed_by":{"minecraft:player":1,"minecraft:zombie":1},"minecraft:mined":{"minecraft:iron_ore":10,"minecraft:ice":2,"minecraft:birch_leaves":1,"minecraft:torch":2,"minecraft:grass":8,"minecraft:coal_ore":7,"minecraft:grass_block":19,"minecraft:oak_log":18,"minecraft:dirt":6,"minecraft:copper_ore":1,"minecraft:stone":12,"minecraft:oak_leaves":3},"minecraft:used":{"minecraft:wooden_axe":36,"minecraft:stone_pickaxe":20,"minecraft:bread":3,"minecraft:wooden_pickaxe":15,"minecraft:torch":4,"minecraft:dirt":18,"minecraft:beef":2,"minecraft:crafting_table":2,"minecraft:oak_sapling":3,"minecraft:porkchop":11,"tombstone:gift":3,"minecraft:egg":4},"minecraft:custom":{"minecraft:time_since_rest":5516,"lootr:looted_stat":2,"minecraft:sprint_one_cm":268042,"minecraft:damage_taken":1823,"minecraft:walk_one_cm":137746,"minecraft:mob_kills":6,"minecraft:damage_dealt":634,"minecraft:swim_one_cm":9004,"minecraft:interact_with_crafting_table":9,"minecraft:fly_one_cm":231847,"minecraft:crouch_one_cm":505,"minecraft:play_time":51471,"tombstone:undead_killed":2,"minecraft:deaths":6,"minecraft:sneak_time":504,"minecraft:walk_under_water_one_cm":2465,"minecraft:jump":1098,"minecraft:leave_game":4,"minecraft:time_since_death":7569,"minecraft:walk_on_water_one_cm":9280,"minecraft:total_world_time":51471,"minecraft:fall_one_cm":33041},"minecraft:killed":{"minecraft:zombie":2,"minecraft:pig":2,"minecraft:chicken":1,"minecraft:cow":1}},"DataVersion":3465}