{"stats":{"minecraft:picked_up":{"minecraft:stick":1,"minecraft:feather":2,"minecraft:chicken":1,"minecraft:leather":1,"minecraft:porkchop":6,"minecraft:oak_log":18,"minecraft:dirt":20,"minecraft:wheat_seeds":1,"minecraft:beef":2,"minecraft:oak_sapling":1,"minecraft:cobblestone":12,"minecraft:egg":4},"minecraft:crafted":{"minecraft:oak_planks":20,"minecraft:crafting_table":2,"minecraft:stick":8,"minecraft:wooden_pickaxe":1,"minecraft:stone_pickaxe":1,"minecraft:wooden_axe":1},"minecraft:killed_by":{"minecraft:zombie":1},"minecraft:mined":{"minecraft:ice":2,"minecraft:birch_leaves":1,"minecraft:grass":5,"minecraft:grass_block":16,"minecraft:oak_log":18,"minecraft:dirt":4,"minecraft:stone":12,"minecraft:oak_leaves":2},"minecraft:used":{"minecraft:wooden_axe":27,"minecraft:bread":3,"minecraft:wooden_pickaxe":12,"minecraft:dirt":18,"minecraft:beef":2,"minecraft:crafting_table":2,"minecraft:porkchop":2,"tombstone:gift":1,"minecraft:egg":4},"minecraft:custom":{"minecraft:time_since_rest":12891,"lootr:looted_stat":2,"minecraft:sprint_one_cm":157171,"minecraft:damage_taken":998,"minecraft:walk_one_cm":97618,"minecraft:mob_kills":4,"minecraft:damage_dealt":379,"minecraft:swim_one_cm":4927,"minecraft:interact_with_crafting_table":7,"minecraft:fly_one_cm":137882,"minecraft:crouch_one_cm":133,"minecraft:play_time":33956,"minecraft:deaths":3,"minecraft:sneak_time":232,"minecraft:walk_under_water_one_cm":255,"minecraft:jump":687,"minecraft:leave_game":3,"minecraft:time_since_death":13155,"minecraft:walk_on_water_one_cm":3059,"minecraft:total_world_time":33956,"minecraft:fall_one_cm":22381},"minecraft:killed":{"minecraft:pig":2,"minecraft:chicken":1,"minecraft:cow":1}},"DataVersion":3465}