{"stats":{"minecraft:used":{"rats:ratlantean_automaton_spawn_egg":1,"minecraft:stone_axe":8,"minecraft:dirt":3,"minecraft:cobblestone":5,"rats:ratlantis_chestplate":1,"minecraft:grass_block":1,"biomesoplenty:magic_chest_boat":1,"minecraft:donkey_spawn_egg":1,"alexscaves:nuclear_bomb":1,"minecraft:oak_pressure_plate":1},"minecraft:picked_up":{"minecraft:acacia_log":7,"minecraft:dirt":14,"minecraft:cobblestone":70},"minecraft:custom":{"minecraft:time_since_rest":7704,"minecraft:crouch_one_cm":37,"minecraft:sprint_one_cm":10880,"minecraft:play_time":7704,"minecraft:damage_taken":40,"minecraft:walk_one_cm":7130,"minecraft:sneak_time":18,"minecraft:jump":54,"minecraft:damage_dealt":18,"minecraft:leave_game":6,"minecraft:time_since_death":7704,"minecraft:total_world_time":7704,"minecraft:fall_one_cm":269,"minecraft:fly_one_cm":121066},"minecraft:mined":{"minecraft:acacia_log":7,"minecraft:grass_block":2,"minecraft:acacia_leaves":1,"minecraft:dirt":1}},"DataVersion":3465}