{"stats":{"minecraft:picked_up":{"minecraft:crafting_table":3,"minecraft:leather":4,"minecraft:porkchop":5,"minecraft:oak_log":9,"minecraft:white_bed":1,"minecraft:dirt":15,"minecraft:beef":21,"minecraft:oak_sapling":5,"minecraft:mutton":16,"minecraft:coal":19,"minecraft:furnace":1,"minecraft:white_wool":5,"minecraft:cobblestone":35,"minecraft:egg":1},"minecraft:crafted":{"minecraft:cooked_beef":20,"minecraft:oak_planks":36,"minecraft:crafting_table":1,"minecraft:stick":8,"minecraft:wooden_pickaxe":1,"minecraft:stone_pickaxe":1,"minecraft:furnace":1,"minecraft:white_bed":1,"minecraft:stone_axe":1,"minecraft:air":0},"minecraft:dropped":{"minecraft:porkchop":5,"alexsmobs:animal_dictionary":1,"minecraft:raw_copper":3,"minecraft:wooden_axe":1,"minecraft:raw_iron":10,"tombstone:gift":1,"minecraft:chicken":1,"minecraft:feather":2,"minecraft:stone_pickaxe":1,"minecraft:wooden_pickaxe":2,"bossominium:the_bossdexium":1},"minecraft:mined":{"minecraft:white_bed":1,"minecraft:furnace":1,"minecraft:crafting_table":3,"minecraft:grass":1,"minecraft:coal_ore":12,"minecraft:grass_block":2,"minecraft:oak_log":9,"minecraft:dirt":13,"minecraft:tall_grass":1,"minecraft:stone":35,"minecraft:oak_leaves":13},"minecraft:used":{"minecraft:stone_pickaxe":39,"minecraft:wooden_pickaxe":13,"minecraft:stone_axe":26,"minecraft:beef":1,"minecraft:crafting_table":3,"minecraft:furnace":1,"minecraft:white_bed":1,"minecraft:egg":1,"minecraft:cooked_beef":2},"minecraft:custom":{"minecraft:time_since_rest":7783,"minecraft:interact_with_furnace":10,"minecraft:sprint_one_cm":38912,"minecraft:damage_taken":80,"minecraft:walk_one_cm":32290,"tombstone:sneak_grave":1,"minecraft:mob_kills":19,"minecraft:drop":13,"minecraft:damage_dealt":1821,"minecraft:player_kills":1,"minecraft:interact_with_crafting_table":5,"minecraft:fly_one_cm":61114,"minecraft:crouch_one_cm":5023,"minecraft:play_time":17138,"minecraft:sneak_time":1297,"tombstone:tomb_raiding":1,"minecraft:jump":317,"minecraft:time_since_death":17138,"minecraft:sleep_in_bed":1,"minecraft:total_world_time":17138,"minecraft:fall_one_cm":9666},"minecraft:killed":{"minecraft:sheep":5,"minecraft:pig":3,"minecraft:cow":11}},"DataVersion":3465}