{"stats":{"minecraft:picked_up":{"minecraft:crafting_table":3,"minecraft:leather":4,"minecraft:porkchop":12,"minecraft:oak_log":13,"minecraft:white_bed":1,"minecraft:dirt":16,"minecraft:stone_axe":1,"minecraft:beef":21,"minecraft:calcite":10,"minecraft:oak_sapling":5,"minecraft:mutton":16,"minecraft:coal":51,"minecraft:furnace":1,"minecraft:white_wool":5,"minecraft:cobblestone":45,"minecraft:egg":1},"minecraft:crafted":{"minecraft:cooked_beef":20,"minecraft:oak_planks":36,"minecraft:crafting_table":1,"minecraft:stick":8,"minecraft:wooden_pickaxe":1,"minecraft:stone_pickaxe":1,"minecraft:furnace":1,"minecraft:white_bed":1,"minecraft:stone_axe":1,"minecraft:air":0},"minecraft:dropped":{"minecraft:stone_axe":1,"minecraft:porkchop":5,"alexsmobs:animal_dictionary":1,"minecraft:raw_copper":3,"minecraft:wooden_axe":1,"tombstone:gift":1,"minecraft:raw_iron":10,"minecraft:chicken":1,"minecraft:feather":2,"minecraft:wooden_pickaxe":2,"minecraft:stone_pickaxe":1,"bossominium:the_bossdexium":1},"minecraft:mined":{"minecraft:white_bed":1,"minecraft:furnace":1,"minecraft:crafting_table":3,"minecraft:grass":1,"minecraft:calcite":10,"minecraft:grass_block":3,"minecraft:oak_log":13,"minecraft:coal_ore":44,"minecraft:dirt":13,"minecraft:tall_grass":1,"minecraft:stone":45,"minecraft:oak_leaves":17},"minecraft:used":{"minecraft:stone_pickaxe":93,"minecraft:wooden_pickaxe":13,"minecraft:torch":1,"minecraft:stone_axe":37,"minecraft:cobblestone":1,"minecraft:beef":1,"minecraft:crafting_table":3,"minecraft:furnace":1,"minecraft:white_bed":1,"minecraft:egg":1,"minecraft:cooked_beef":3},"minecraft:custom":{"minecraft:time_since_rest":15785,"minecraft:interact_with_furnace":10,"minecraft:sprint_one_cm":65203,"minecraft:damage_taken":120,"minecraft:walk_one_cm":44845,"tombstone:sneak_grave":1,"minecraft:mob_kills":22,"minecraft:drop":14,"minecraft:damage_dealt":2151,"minecraft:interact_with_crafting_table":5,"minecraft:fly_one_cm":84820,"minecraft:player_kills":1,"minecraft:play_time":25140,"minecraft:crouch_one_cm":7118,"minecraft:sneak_time":2198,"tombstone:tomb_raiding":1,"minecraft:jump":449,"minecraft:leave_game":2,"minecraft:time_since_death":25140,"minecraft:sleep_in_bed":1,"minecraft:total_world_time":25140,"minecraft:fall_one_cm":12743},"minecraft:killed":{"minecraft:sheep":5,"minecraft:pig":6,"minecraft:cow":11}},"DataVersion":3465}