{"stats":{"minecraft:picked_up":{"minecraft:beef":1,"minecraft:oak_log":9,"minecraft:oak_sapling":1,"minecraft:dirt":15,"minecraft:cobblestone":9},"minecraft:crafted":{"minecraft:oak_planks":36,"minecraft:stone_axe":1,"minecraft:crafting_table":1,"minecraft:stick":8,"minecraft:stone_pickaxe":1,"minecraft:wooden_pickaxe":1},"minecraft:dropped":{"bossominium:the_bossdexium":1},"minecraft:mined":{"minecraft:grass_block":2,"minecraft:oak_log":9,"minecraft:dirt":13,"minecraft:stone":9,"minecraft:oak_leaves":12},"minecraft:used":{"minecraft:stone_axe":1,"minecraft:crafting_table":1,"minecraft:wooden_pickaxe":13},"minecraft:custom":{"minecraft:time_since_rest":5138,"minecraft:play_time":5138,"minecraft:sprint_one_cm":2385,"minecraft:walk_one_cm":10006,"minecraft:mob_kills":1,"minecraft:drop":1,"minecraft:jump":50,"minecraft:damage_dealt":118,"minecraft:time_since_death":5138,"minecraft:total_world_time":5138,"minecraft:interact_with_crafting_table":3,"minecraft:fall_one_cm":1639,"minecraft:fly_one_cm":3972},"minecraft:killed":{"minecraft:cow":1}},"DataVersion":3465}